NAME,ADDRESS,EMAIL,DATE,PHONE
Josefine Knabe III,38 Yunus Circle 24405 Aysestadt,Esther_Sussmann96@gmail.com,15.02.17,(07385) 2538160
Matthias Schroder,715 Roba Unions 24001 Arianstadt,Jane.Weniger@yahoo.com,03.01.2017,(0109) 633466226
Lennie Olbrich,136 Keanu Union 86090 Pietschburg,Rico70@hotmail.com,17.07.16,+49890305289877
Jonah Schahbasian,391 Hessek Ramp 72476 Jilburg,Cosima52@gmail.com,18.01.2017,+49-139-1094963
Jonah Kaufmann,950 Kowalick Spurs 04442 Stoutjesdijkscheid,Jenny8@hotmail.com,23.08.16,(08900) 0617536
Lewis Schuhaj,86 Sonja Mountains 35075 Schusterburg,Armin91@yahoo.com,22.03.2016,(0793) 147881061
Collien Erwes,370 Giesche Rapid 32329 Bad Levinburg,Theodor10@yahoo.com,23.02.17,+49467947639412
Cora Heydemüller,515 Alessia Point 93518 West Rosaliescheid,Helena19@yahoo.com,27.01.2017,(07666) 5081859
Alissa Koster,360 First Street 09079 Bad Annelieland,Arda23@hotmail.com,22.08.16,+49631213391226
Kiana Faller IV,300 Deja Rest 28413 Alt Vivienneland,Selma_Gunkel@yahoo.com,27.07.2016,(0828) 683898183
Line Laurén V,551 First street 91144 Neu Anthonydorf,Kathrin.Tasche26@hotmail.com,30.07.16,(01439) 2805210
Raul Freisen III,195 Tabea Islands 46685 Bad Ennostadt,Dilara26@gmail.com,27.12.2016,+49-5544-29842379
Leo Orth,464 1st Street 96709 West Francesco,Hassan45@yahoo.com,13.05.16,(0248) 331141700
Mick Frantz,268 Matthis Rapid 04600 Isabellascheid,Mirko3@hotmail.com,14.08.2016,+49-5117-38853093
Lucas Kette,510 Jonas Springs 43387 Süd Adriandorf,Lisa_Rdiger6@yahoo.com,10.12.16,+495174327115
Laurenz Orth,590 Kobs Plain 29309 Bad Louisa,Marina.Fincke@gmail.com,20.08.2016,+49-933-1563839
Malina Tächl,563 Schulze Wall 66290 Bad Mandy,Timo95@yahoo.com,24.11.16,+49892682716749
Thore Schonberg DDS,866 Justine Cliffs 00734 Kaulland,Alessa64@gmail.com,30.03.2016,(0547) 528117966
Gustav Hartz,238 Schwerdtner Isle 22055 Pauknerburg,Annie8@hotmail.com,28.03.16,+495212999212
Andrea Sollner,163 1st Street 95778 Kisabakadorf,Emily57@yahoo.com,10.08.2016,(05541) 7880744
Daniela Kausemann,905 Mayra Run 30761 Ivonnestadt,Collin_Schupp50@yahoo.com,26.11.16,+49330540911313
Sabrina Baseda,194 Gehre Cape 74667 West Selinland,Hanno17@gmail.com,23.06.2016,+49-9271-87953933
Elisa Schlechtweg,790 Jungton Road 91244 Gombertscheid,Lewin38@hotmail.com,25.02.17,+499282032325
Niko Umlauft,524 Riccardo Lights 16558 Süd Selim,Paul_Koster@gmail.com,18.12.2016,+49-707-0137931
Lola Kahles,365 Allgeyer Lakes 58275 Neu Marco,Angelina.Kettenis86@hotmail.com,04.07.16,+49798589053397
Kassandra Gürbig,963 Beck Lodge 02838 Neu Elianastadt,Charlotte_Kter@yahoo.com,22.02.2017,(08321) 9074220
Tony Loy,266 Tina Station 10521 West Marleen,Amar_Herzenberg@yahoo.com,18.09.16,(01678) 9098067
Marah Oberem,613 Mohammed Course 87882 Nord Samirastadt,Jolien_Motchebon35@hotmail.com,09.02.2017,+49-404-8414644
Fr. Timon Roos,151 Onnen Dam 75629 Darrendorf,Enno_Walz53@gmail.com,06.10.16,+49888766580261
Betty Schnürer,777 Schönball Throughway 45446 Süd Peer,Fatma54@gmail.com,04.02.2017,(0577) 972229683
Ron Konieczny,157 Julian Loop 47038 West Lana,Louisa27@gmail.com,08.03.17,+49985785196114
Cara Polifka,653 Lorenz Tunnel 17164 West Eleaburg,Bianka.Zaituc68@yahoo.com,19.02.2017,(02242) 7770987
Vito Preuss,903 First street 61769 Marcodorf,Sofia_Maurer@hotmail.com,13.12.16,(07608) 9301323
Alica Hepperle,291 Claas Route 89928 Süd Arthurburg,Tamara.Daudrich26@yahoo.com,10.07.2016,(01303) 3372604
Kilian Rittweg,300 Kutzner Stream 49520 Bad Fiona,Bennett.Geyer@yahoo.com,25.06.16,+49325377231763
Linn Barth,440 Fuhlbrügge Crescent 01894 Taliadorf,Lennox.Holzner19@hotmail.com,24.03.2016,+49-115-0157070
Mathilda Peter DDS,492 Stolz Field 46262 Alt Yannicland,Marten58@yahoo.com,19.03.17,(0854) 371111398
Dr. Laurenz Lepthin,736 Angelique Plains 58971 Lilithdorf,Sren_Mai64@yahoo.com,07.11.2016,+49-5401-24395028
Jule Ehmann,736 Peter Estate 60583 Fitschenland,Davin35@hotmail.com,12.03.17,(0114) 434451737
Jannik Preuk,117 Wölpert Falls 20678 Süd Annelie,Emilia91@yahoo.com,15.06.2016,+49-4891-32477397
Deniz Norris,237 Merlin Spur 36629 Kulimannland,Lydia.Weidner74@gmail.com,11.06.16,(0073) 346360291
Clemens Lokar,586 Flottmann Circles 43794 Sackdorf,Milana.Schultz@gmail.com,07.08.2016,+49-5238-83247194
Frederike Gröss,473 1st street 34968 Süd Kyra,Linda.Whn@gmail.com,17.09.16,+49741008002518
Mike Splinter,414 Lutje Lodge 91755 Balcerscheid,Nikita11@yahoo.com,08.07.2016,+49-9727-77702030
Luna Rose,324 Gabler Terrace 04393 Knabeburg,Arved_Koester@yahoo.com,23.12.16,+49498458838499
Willi Haverney,778 1st Street 83510 Münchdorf,Anouk28@gmail.com,19.06.2016,+49-054-3878710
Emanuel Dohring,143 First street 74726 Neu Domenik,Finn_Heinig98@hotmail.com,11.08.16,+495346239682
Prof. Dr. Marlo Gabius,558 First street 16747 Neu Vitoland,Annemarie_Sihler12@yahoo.com,30.04.2016,+49-688-6865984
Malte Kruger II,841 Jara Orchard 43239 West Niko,Vera.Wurm@gmail.com,09.11.16,+496076039036
Sophie Franta,532 Travan Passage 75332 Katjaburg,Emilio_Crosskofp@gmail.com,04.09.2016,(0143) 730729260
